File Name,Label
1_Spanklem/IMG_20170904_142743788.jpg,0
1_Spanklem/IMG_20170904_142753581.jpg,0
1_Spanklem/IMG_20170904_142807181.jpg,0
1_Spanklem/IMG_20170904_142813053.jpg,0
1_Spanklem/IMG_20170904_142820816.jpg,0
1_Spanklem/IMG_20170904_142823678.jpg,0
1_Spanklem/IMG_20170904_142838407.jpg,0
1_Spanklem/IMG_20170904_142846362.jpg,0
1_Spanklem/IMG_20170904_142852918.jpg,0
1_Spanklem/IMG_20170904_142857485.jpg,0
1_Spanklem/IMG_20170904_142902447.jpg,0
1_Spanklem/IMG_20170904_142905549.jpg,0
1_Spanklem/IMG_20170904_142908018.jpg,0
1_Spanklem/IMG_20170904_142915177.jpg,0
1_Spanklem/IMG_20170904_142922675.jpg,0
1_Spanklem/IMG_20170904_142926333.jpg,0
1_Spanklem/IMG_20170904_142933842.jpg,0
1_Spanklem/IMG_20170904_142942978.jpg,0
1_Spanklem/IMG_20170904_142947669.jpg,0
1_Spanklem/IMG_20170904_143011264.jpg,0
1_Spanklem/IMG_20170904_143019658.jpg,0
1_Spanklem/IMG_20170904_143026145.jpg,0
1_Spanklem/IMG_20170904_143034346.jpg,0
1_Spanklem/IMG_20170904_143042255.jpg,0
1_Spanklem/IMG_20170904_143045103.jpg,0
1_Spanklem/IMG_20170904_143052858.jpg,0
1_Spanklem/IMG_20170904_143059264.jpg,0
1_Spanklem/IMG_20170904_143104911.jpg,0
1_Spanklem/IMG_20170904_143108019.jpg,0
1_Spanklem/IMG_20170904_143111719.jpg,0
1_Spanklem/IMG_20170904_143116087.jpg,0
1_Spanklem/IMG_20170904_143124889.jpg,0
1_Spanklem/IMG_20170904_143129159.jpg,0
1_Spanklem/IMG_20170904_143143023.jpg,0
1_Spanklem/IMG_20170904_143149205.jpg,0
1_Spanklem/IMG_20170904_143156701.jpg,0
1_Spanklem/IMG_20170904_143202834.jpg,0
1_Spanklem/IMG_20170904_143208825.jpg,0
1_Spanklem/IMG_20170904_143218086.jpg,0
1_Spanklem/IMG_20170904_143221727.jpg,0
1_Spanklem/IMG_20170904_143233181.jpg,0
1_Spanklem/IMG_20170904_143235751.jpg,0
1_Spanklem/IMG_20170904_143240667.jpg,0
1_Spanklem/IMG_20170904_143244368.jpg,0
1_Spanklem/IMG_20170904_143248341.jpg,0
1_Spanklem/IMG_20170904_143253086.jpg,0
1_Spanklem/IMG_20170904_143322057.jpg,0
1_Spanklem/IMG_20170904_143336766.jpg,0
1_Spanklem/IMG_20170904_143350070.jpg,0
1_Spanklem/IMG_20170904_143356623.jpg,0
1_Spanklem/IMG_20170904_143403992.jpg,0
1_Spanklem/IMG_20170904_143411948.jpg,0
1_Spanklem/IMG_20170904_143417330.jpg,0
1_Spanklem/IMG_20170904_143707390.jpg,0
1_Spanklem/IMG_20170904_143711786.jpg,0
1_Spanklem/IMG_20170904_143715999.jpg,0
1_Spanklem/IMG_20170904_143720070.jpg,0
1_Spanklem/IMG_20170904_143732881.jpg,0
1_Spanklem/IMG_20170904_143737121.jpg,0
1_Spanklem/IMG_20170904_143740215.jpg,0
1_Spanklem/IMG_20170904_143743116.jpg,0
1_Spanklem/IMG_20170904_143746653.jpg,0
1_Spanklem/IMG_20170904_143750014.jpg,0
1_Spanklem/IMG_20170904_143752562.jpg,0
1_Spanklem/IMG_20170904_143757962.jpg,0
1_Spanklem/IMG_20170904_143800522.jpg,0
1_Spanklem/IMG_20170904_143803678.jpg,0
1_Spanklem/IMG_20170904_143805522.jpg,0
1_Spanklem/IMG_20170904_143808384.jpg,0
1_Spanklem/IMG_20170904_143822547.jpg,0
1_Spanklem/IMG_20170904_143832950.jpg,0
1_Spanklem/IMG_20170904_143846901.jpg,0
1_Spanklem/IMG_20170904_143856224.jpg,0
1_Spanklem/IMG_20170904_143903579.jpg,0
1_Spanklem/IMG_20170904_143907498.jpg,0
1_Spanklem/IMG_20170904_143922560.jpg,0
1_Spanklem/IMG_20170904_144215915.jpg,0
1_Spanklem/IMG_20170904_144219766.jpg,0
1_Spanklem/IMG_20170904_144229849.jpg,0
1_Spanklem/IMG_20170904_144237575.jpg,0
1_Spanklem/IMG_20170904_144241006.jpg,0
1_Spanklem/IMG_20170904_144249515.jpg,0
1_Spanklem/IMG_20170904_144254651.jpg,0
1_Spanklem/IMG_20170904_144302199.jpg,0
1_Spanklem/IMG_20170904_144305628.jpg,0
1_Spanklem/IMG_20170904_144308946.jpg,0
1_Spanklem/IMG_20170904_144319600.jpg,0
1_Spanklem/IMG_20170904_144325515.jpg,0
1_Spanklem/IMG_20170904_144332502.jpg,0
1_Spanklem/IMG_20170904_144342424.jpg,0
1_Spanklem/IMG_20170904_144350586.jpg,0
1_Spanklem/IMG_20170904_144358008.jpg,0
1_Spanklem/IMG_20170904_144406405.jpg,0
1_Spanklem/IMG_20170904_144415710.jpg,0
1_Spanklem/IMG_20170904_144420062.jpg,0
1_Spanklem/IMG_20170904_144440144.jpg,0
1_Spanklem/IMG_20170904_144446823.jpg,0
1_Spanklem/IMG_20170904_144454629.jpg,0
1_Spanklem/IMG_20170904_144505392.jpg,0
1_Spanklem/IMG_20170904_144509915.jpg,0
1_Spanklem/IMG_20170904_154525206.jpg,0
1_Spanklem/IMG_20170904_154531634.jpg,0
1_Spanklem/IMG_20170904_154545389.jpg,0
1_Spanklem/IMG_20170904_154553294.jpg,0
1_Spanklem/IMG_20170904_154559250.jpg,0
1_Spanklem/IMG_20170904_154610424_HDR.jpg,0
1_Spanklem/IMG_20170904_154623255.jpg,0
1_Spanklem/IMG_20170904_154628002.jpg,0
1_Spanklem/IMG_20170904_154644134.jpg,0
1_Spanklem/IMG_20170904_154657422.jpg,0
1_Spanklem/IMG_20170904_154708589.jpg,0
1_Spanklem/IMG_20170904_154716258.jpg,0
1_Spanklem/IMG_20170904_154727272.jpg,0
1_Spanklem/IMG_20170904_154737154.jpg,0
1_Spanklem/IMG_20170904_154750466.jpg,0
1_Spanklem/IMG_20170904_154754568.jpg,0
1_Spanklem/IMG_20170904_154759313.jpg,0
1_Spanklem/IMG_20170904_154804319.jpg,0
1_Spanklem/IMG_20170904_154808789.jpg,0
1_Spanklem/IMG_20170904_154817940.jpg,0
1_Spanklem/IMG_20170904_154822426.jpg,0
1_Spanklem/IMG_20170904_154827448.jpg,0
1_Spanklem/IMG_20170904_154832926.jpg,0
1_Spanklem/IMG_20170904_154849742.jpg,0
1_Spanklem/IMG_20170904_154854061.jpg,0
1_Spanklem/IMG_20170904_154903195.jpg,0
1_Spanklem/IMG_20170904_154917231.jpg,0
1_Spanklem/IMG_20170904_154920753.jpg,0
1_Spanklem/IMG_20170904_154926387.jpg,0
1_Spanklem/IMG_20170904_154940584.jpg,0
1_Spanklem/IMG_20170904_154943443.jpg,0
1_Spanklem/IMG_20170904_154949712.jpg,0
1_Spanklem/IMG_20170904_155014484.jpg,0
1_Spanklem/IMG_20170904_155026905.jpg,0
1_Spanklem/IMG_20170904_155029598.jpg,0
1_Spanklem/IMG_20170904_155039215.jpg,0
1_Spanklem/IMG_20170904_155044727.jpg,0
1_Spanklem/IMG_20170904_155121438.jpg,0
1_Spanklem/IMG_20170904_155124832.jpg,0
1_Spanklem/IMG_20170904_155132028.jpg,0
1_Spanklem/IMG_20170904_155139462.jpg,0
1_Spanklem/IMG_20170904_155249896.jpg,0
1_Spanklem/IMG_20170904_155414033.jpg,0
1_Spanklem/IMG_20170904_155429384.jpg,0
1_Spanklem/IMG_20170904_155434042.jpg,0
1_Spanklem/IMG_20170904_155438962.jpg,0
1_Spanklem/IMG_20170904_155444393.jpg,0
1_Spanklem/IMG_20170904_155453402_HDR.jpg,0
1_Spanklem/IMG_20170904_155501763.jpg,0
1_Spanklem/IMG_20170904_155505222.jpg,0
1_Spanklem/IMG_20170904_155510858.jpg,0
1_Spanklem/IMG_20170904_155515606.jpg,0
1_Spanklem/IMG_20170904_155525425.jpg,0
1_Spanklem/IMG_20170904_155556031_HDR.jpg,0
1_Spanklem/IMG_20170904_155601082.jpg,0
1_Spanklem/IMG_20170904_155604012.jpg,0
1_Spanklem/IMG_20170904_155613556_HDR.jpg,0
1_Spanklem/IMG_20170904_155621701.jpg,0
1_Spanklem/IMG_20170904_155628363_HDR.jpg,0
1_Spanklem/IMG_20170904_155638642.jpg,0
1_Spanklem/IMG_20170904_155646961.jpg,0
1_Spanklem/IMG_20170904_155651029.jpg,0
1_Spanklem/IMG_20170904_160406417.jpg,0
1_Spanklem/IMG_20170904_160412281.jpg,0
1_Spanklem/IMG_20170904_160417260.jpg,0
1_Spanklem/IMG_20170904_161001765.jpg,0
1_Spanklem/IMG_20170904_161015298.jpg,0
1_Spanklem/IMG_20170904_161042089.jpg,0
1_Spanklem/IMG_20170904_162643115.jpg,0
1_Spanklem/IMG_20170904_162647558.jpg,0
1_Spanklem/IMG_20170904_162651725.jpg,0
1_Spanklem/IMG_20170904_162826681.jpg,0
1_Spanklem/IMG_20170904_162834133.jpg,0
1_Spanklem/IMG_20170904_162838034.jpg,0
1_Spanklem/IMG_20170904_162852931.jpg,0
1_Spanklem/IMG_20170904_162918797.jpg,0
1_Spanklem/IMG_20170904_162922942.jpg,0
1_Spanklem/IMG_20170904_162925842.jpg,0
2.0_VleugelmoerOplegRecht_Oud_rond_twee_gaten/IMG_20170904_150942308.jpg,1
2.0_VleugelmoerOplegRecht_Oud_rond_twee_gaten/IMG_20170904_150958824.jpg,1
2.0_VleugelmoerOplegRecht_Oud_rond_twee_gaten/IMG_20170904_151009880.jpg,1
2.0_VleugelmoerOplegRecht_Oud_rond_twee_gaten/IMG_20170904_151028771.jpg,1
2.0_VleugelmoerOplegRecht_Oud_rond_twee_gaten/IMG_20170904_151032131.jpg,1
2.0_VleugelmoerOplegRecht_Oud_rond_twee_gaten/IMG_20170904_151034792.jpg,1
2.0_VleugelmoerOplegRecht_Oud_rond_twee_gaten/IMG_20170904_151042936.jpg,1
2.0_VleugelmoerOplegRecht_Oud_rond_twee_gaten/IMG_20170904_151047415.jpg,1
2.0_VleugelmoerOplegRecht_Oud_rond_twee_gaten/IMG_20170904_151054716.jpg,1
2.0_VleugelmoerOplegRecht_Oud_rond_twee_gaten/IMG_20170904_151058084.jpg,1
2.0_VleugelmoerOplegRecht_Oud_rond_twee_gaten/IMG_20170904_151102588.jpg,1
2.0_VleugelmoerOplegRecht_Oud_rond_twee_gaten/IMG_20170904_151109782.jpg,1
2.0_VleugelmoerOplegRecht_Oud_rond_twee_gaten/IMG_20170904_151113997.jpg,1
2.0_VleugelmoerOplegRecht_Oud_rond_twee_gaten/IMG_20170904_151130653.jpg,1
2.0_VleugelmoerOplegRecht_Oud_rond_twee_gaten/IMG_20170904_151135885.jpg,1
2.0_VleugelmoerOplegRecht_Oud_rond_twee_gaten/IMG_20170904_151139636.jpg,1
2.0_VleugelmoerOplegRecht_Oud_rond_twee_gaten/IMG_20170904_151155238.jpg,1
2.0_VleugelmoerOplegRecht_Oud_rond_twee_gaten/IMG_20170904_151201605.jpg,1
2.0_VleugelmoerOplegRecht_Oud_rond_twee_gaten/IMG_20170904_151204853.jpg,1
2.0_VleugelmoerOplegRecht_Oud_rond_twee_gaten/IMG_20170904_151209800.jpg,1
2.0_VleugelmoerOplegRecht_Oud_rond_twee_gaten/IMG_20170904_151220394.jpg,1
2.0_VleugelmoerOplegRecht_Oud_rond_twee_gaten/IMG_20170904_151224950.jpg,1
2.0_VleugelmoerOplegRecht_Oud_rond_twee_gaten/IMG_20170904_151229689.jpg,1
2.0_VleugelmoerOplegRecht_Oud_rond_twee_gaten/IMG_20170904_151235998.jpg,1
2.0_VleugelmoerOplegRecht_Oud_rond_twee_gaten/IMG_20170904_151241286.jpg,1
2.0_VleugelmoerOplegRecht_Oud_rond_twee_gaten/IMG_20170904_151246216.jpg,1
2.0_VleugelmoerOplegRecht_Oud_rond_twee_gaten/IMG_20170904_151307061.jpg,1
2.0_VleugelmoerOplegRecht_Oud_rond_twee_gaten/IMG_20170904_151314151.jpg,1
2.0_VleugelmoerOplegRecht_Oud_rond_twee_gaten/IMG_20170904_151317725.jpg,1
2.0_VleugelmoerOplegRecht_Oud_rond_twee_gaten/IMG_20170904_151320623.jpg,1
2.0_VleugelmoerOplegRecht_Oud_rond_twee_gaten/IMG_20170904_151349573.jpg,1
2.0_VleugelmoerOplegRecht_Oud_rond_twee_gaten/IMG_20170904_151357222_HDR.jpg,1
2.0_VleugelmoerOplegRecht_Oud_rond_twee_gaten/IMG_20170904_151402241.jpg,1
2.0_VleugelmoerOplegRecht_Oud_rond_twee_gaten/IMG_20170904_151406596.jpg,1
2.0_VleugelmoerOplegRecht_Oud_rond_twee_gaten/IMG_20170904_151410013.jpg,1
2.0_VleugelmoerOplegRecht_Oud_rond_twee_gaten/IMG_20170904_151417226.jpg,1
2.0_VleugelmoerOplegRecht_Oud_rond_twee_gaten/IMG_20170904_151434727.jpg,1
2.0_VleugelmoerOplegRecht_Oud_rond_twee_gaten/IMG_20170904_151440946.jpg,1
2.0_VleugelmoerOplegRecht_Oud_rond_twee_gaten/IMG_20170904_151443307.jpg,1
2.0_VleugelmoerOplegRecht_Oud_rond_twee_gaten/IMG_20170904_151445837.jpg,1
2.0_VleugelmoerOplegRecht_Oud_rond_twee_gaten/IMG_20170904_151448490.jpg,1
2.0_VleugelmoerOplegRecht_Oud_rond_twee_gaten/IMG_20170904_151453205.jpg,1
2.0_VleugelmoerOplegRecht_Oud_rond_twee_gaten/IMG_20170904_151459474.jpg,1
2.0_VleugelmoerOplegRecht_Oud_rond_twee_gaten/IMG_20170904_151508037.jpg,1
2.0_VleugelmoerOplegRecht_Oud_rond_twee_gaten/IMG_20170904_151512927.jpg,1
2.0_VleugelmoerOplegRecht_Oud_rond_twee_gaten/IMG_20170904_151523679.jpg,1
2.0_VleugelmoerOplegRecht_Oud_rond_twee_gaten/IMG_20170904_151528249.jpg,1
2.0_VleugelmoerOplegRecht_Oud_rond_twee_gaten/IMG_20170904_151531026.jpg,1
2.0_VleugelmoerOplegRecht_Oud_rond_twee_gaten/IMG_20170904_151534133.jpg,1
2.0_VleugelmoerOplegRecht_Oud_rond_twee_gaten/IMG_20170904_151536500.jpg,1
2.0_VleugelmoerOplegRecht_Oud_rond_twee_gaten/IMG_20170904_151541458.jpg,1
2.0_VleugelmoerOplegRecht_Oud_rond_twee_gaten/IMG_20170904_151548140.jpg,1
2.0_VleugelmoerOplegRecht_Oud_rond_twee_gaten/IMG_20170904_151553938.jpg,1
2.0_VleugelmoerOplegRecht_Oud_rond_twee_gaten/IMG_20170904_151603442.jpg,1
2.0_VleugelmoerOplegRecht_Oud_rond_twee_gaten/IMG_20170904_151609274.jpg,1
2.0_VleugelmoerOplegRecht_Oud_rond_twee_gaten/IMG_20170904_151614575.jpg,1
2.0_VleugelmoerOplegRecht_Oud_rond_twee_gaten/IMG_20170904_151617404.jpg,1
2.0_VleugelmoerOplegRecht_Oud_rond_twee_gaten/IMG_20170904_151631911.jpg,1
2.0_VleugelmoerOplegRecht_Oud_rond_twee_gaten/IMG_20170904_151639588.jpg,1
2.0_VleugelmoerOplegRecht_Oud_rond_twee_gaten/IMG_20170904_151642625.jpg,1
2.0_VleugelmoerOplegRecht_Oud_rond_twee_gaten/IMG_20170904_151647873.jpg,1
2.0_VleugelmoerOplegRecht_Oud_rond_twee_gaten/IMG_20170904_151652491.jpg,1
2.0_VleugelmoerOplegRecht_Oud_rond_twee_gaten/IMG_20170904_151655680.jpg,1
2.0_VleugelmoerOplegRecht_Oud_rond_twee_gaten/IMG_20170904_151700209.jpg,1
2.0_VleugelmoerOplegRecht_Oud_rond_twee_gaten/IMG_20170904_151709478.jpg,1
2.0_VleugelmoerOplegRecht_Oud_rond_twee_gaten/IMG_20170904_151713583.jpg,1
2.0_VleugelmoerOplegRecht_Oud_rond_twee_gaten/IMG_20170904_151722323.jpg,1
2.0_VleugelmoerOplegRecht_Oud_rond_twee_gaten/IMG_20170904_151746636.jpg,1
2.0_VleugelmoerOplegRecht_Oud_rond_twee_gaten/IMG_20170904_151749986.jpg,1
2.0_VleugelmoerOplegRecht_Oud_rond_twee_gaten/IMG_20170904_151803220.jpg,1
2.0_VleugelmoerOplegRecht_Oud_rond_twee_gaten/IMG_20170904_151811614.jpg,1
2.0_VleugelmoerOplegRecht_Oud_rond_twee_gaten/IMG_20170904_151815710.jpg,1
2.0_VleugelmoerOplegRecht_Oud_rond_twee_gaten/IMG_20170904_151819955.jpg,1
2.0_VleugelmoerOplegRecht_Oud_rond_twee_gaten/IMG_20170904_151841506.jpg,1
2.0_VleugelmoerOplegRecht_Oud_rond_twee_gaten/IMG_20170904_151844070.jpg,1
2.0_VleugelmoerOplegRecht_Oud_rond_twee_gaten/IMG_20170904_151851269.jpg,1
2.0_VleugelmoerOplegRecht_Oud_rond_twee_gaten/IMG_20170904_151854533.jpg,1
2.0_VleugelmoerOplegRecht_Oud_rond_twee_gaten/IMG_20170904_151859821.jpg,1
2.0_VleugelmoerOplegRecht_Oud_rond_twee_gaten/IMG_20170904_151902495.jpg,1
2.0_VleugelmoerOplegRecht_Oud_rond_twee_gaten/IMG_20170904_151914764.jpg,1
2.0_VleugelmoerOplegRecht_Oud_rond_twee_gaten/IMG_20170904_151922455.jpg,1
2.0_VleugelmoerOplegRecht_Oud_rond_twee_gaten/IMG_20170904_151926147.jpg,1
2.0_VleugelmoerOplegRecht_Oud_rond_twee_gaten/IMG_20170904_151929636.jpg,1
2.0_VleugelmoerOplegRecht_Oud_rond_twee_gaten/IMG_20170904_151933130.jpg,1
2.0_VleugelmoerOplegRecht_Oud_rond_twee_gaten/IMG_20170904_151937956.jpg,1
2.0_VleugelmoerOplegRecht_Oud_rond_twee_gaten/IMG_20170904_151943109.jpg,1
2.0_VleugelmoerOplegRecht_Oud_rond_twee_gaten/IMG_20170904_151950693.jpg,1
2.0_VleugelmoerOplegRecht_Oud_rond_twee_gaten/IMG_20170904_151956722.jpg,1
2.0_VleugelmoerOplegRecht_Oud_rond_twee_gaten/IMG_20170904_152001236.jpg,1
2.0_VleugelmoerOplegRecht_Oud_rond_twee_gaten/IMG_20170904_152014094.jpg,1
2.0_VleugelmoerOplegRecht_Oud_rond_twee_gaten/IMG_20170904_152020541.jpg,1
2.0_VleugelmoerOplegRecht_Oud_rond_twee_gaten/IMG_20170904_152027469.jpg,1
2.0_VleugelmoerOplegRecht_Oud_rond_twee_gaten/IMG_20170904_152032542.jpg,1
2.0_VleugelmoerOplegRecht_Oud_rond_twee_gaten/IMG_20170904_160054262.jpg,1
2.0_VleugelmoerOplegRecht_Oud_rond_twee_gaten/IMG_20170904_160110611.jpg,1
2.0_VleugelmoerOplegRecht_Oud_rond_twee_gaten/IMG_20170904_160114801.jpg,1
2.0_VleugelmoerOplegRecht_Oud_rond_twee_gaten/IMG_20170904_160119882.jpg,1
2.0_VleugelmoerOplegRecht_Oud_rond_twee_gaten/IMG_20170904_160124774.jpg,1
2.0_VleugelmoerOplegRecht_Oud_rond_twee_gaten/IMG_20170904_160128469.jpg,1
2.0_VleugelmoerOplegRecht_Oud_rond_twee_gaten/IMG_20170904_160132044.jpg,1
2.0_VleugelmoerOplegRecht_Oud_rond_twee_gaten/IMG_20170904_160140203.jpg,1
2.0_VleugelmoerOplegRecht_Oud_rond_twee_gaten/IMG_20170904_160147830_HDR.jpg,1
2.0_VleugelmoerOplegRecht_Oud_rond_twee_gaten/IMG_20170904_160156520.jpg,1
2.0_VleugelmoerOplegRecht_Oud_rond_twee_gaten/IMG_20170904_160200374.jpg,1
2.0_VleugelmoerOplegRecht_Oud_rond_twee_gaten/IMG_20170904_160211330.jpg,1
2.0_VleugelmoerOplegRecht_Oud_rond_twee_gaten/IMG_20170904_160216093.jpg,1
2.0_VleugelmoerOplegRecht_Oud_rond_twee_gaten/IMG_20170904_160220521.jpg,1
2.0_VleugelmoerOplegRecht_Oud_rond_twee_gaten/IMG_20170904_160225005.jpg,1
2.0_VleugelmoerOplegRecht_Oud_rond_twee_gaten/IMG_20170904_160229005.jpg,1
2.0_VleugelmoerOplegRecht_Oud_rond_twee_gaten/IMG_20170904_160233149.jpg,1
2.0_VleugelmoerOplegRecht_Oud_rond_twee_gaten/IMG_20170904_160238743.jpg,1
2.0_VleugelmoerOplegRecht_Oud_rond_twee_gaten/IMG_20170904_160248529.jpg,1
2.0_VleugelmoerOplegRecht_Oud_rond_twee_gaten/IMG_20170904_160252098_HDR.jpg,1
2.0_VleugelmoerOplegRecht_Oud_rond_twee_gaten/IMG_20170904_160312230.jpg,1
2.0_VleugelmoerOplegRecht_Oud_rond_twee_gaten/IMG_20170904_160336490_HDR.jpg,1
2.0_VleugelmoerOplegRecht_Oud_rond_twee_gaten/IMG_20170904_160352749_HDR.jpg,1
2.0_VleugelmoerOplegRecht_Oud_rond_twee_gaten/IMG_20170904_160427894.jpg,1
2.0_VleugelmoerOplegRecht_Oud_rond_twee_gaten/IMG_20170904_160432934.jpg,1
2.0_VleugelmoerOplegRecht_Oud_rond_twee_gaten/IMG_20170904_160437388.jpg,1
2.0_VleugelmoerOplegRecht_Oud_rond_twee_gaten/IMG_20170904_160442369.jpg,1
2.0_VleugelmoerOplegRecht_Oud_rond_twee_gaten/IMG_20170904_160600209.jpg,1
2.0_VleugelmoerOplegRecht_Oud_rond_twee_gaten/IMG_20170904_160603468.jpg,1
2.0_VleugelmoerOplegRecht_Oud_rond_twee_gaten/IMG_20170904_160610542.jpg,1
2.0_VleugelmoerOplegRecht_Oud_rond_twee_gaten/IMG_20170904_160613891.jpg,1
2.0_VleugelmoerOplegRecht_Oud_rond_twee_gaten/IMG_20170904_160623564.jpg,1
2.0_VleugelmoerOplegRecht_Oud_rond_twee_gaten/IMG_20170904_160631056.jpg,1
2.0_VleugelmoerOplegRecht_Oud_rond_twee_gaten/IMG_20170904_160640812.jpg,1
2.0_VleugelmoerOplegRecht_Oud_rond_twee_gaten/IMG_20170904_160645997.jpg,1
2.0_VleugelmoerOplegRecht_Oud_rond_twee_gaten/IMG_20170904_160652335.jpg,1
2.0_VleugelmoerOplegRecht_Oud_rond_twee_gaten/IMG_20170904_160658659.jpg,1
2.0_VleugelmoerOplegRecht_Oud_rond_twee_gaten/IMG_20170904_160716378_HDR.jpg,1
2.0_VleugelmoerOplegRecht_Oud_rond_twee_gaten/IMG_20170904_160722689.jpg,1
2.0_VleugelmoerOplegRecht_Oud_rond_twee_gaten/IMG_20170904_160726437_HDR.jpg,1
2.0_VleugelmoerOplegRecht_Oud_rond_twee_gaten/IMG_20170904_160730212.jpg,1
2.0_VleugelmoerOplegRecht_Oud_rond_twee_gaten/IMG_20170904_160739004.jpg,1
2.0_VleugelmoerOplegRecht_Oud_rond_twee_gaten/IMG_20170904_160742468.jpg,1
2.0_VleugelmoerOplegRecht_Oud_rond_twee_gaten/IMG_20170904_160754823.jpg,1
2.0_VleugelmoerOplegRecht_Oud_rond_twee_gaten/IMG_20170904_160759695.jpg,1
2.0_VleugelmoerOplegRecht_Oud_rond_twee_gaten/IMG_20170904_160807646.jpg,1
2.0_VleugelmoerOplegRecht_Oud_rond_twee_gaten/IMG_20170904_160810808.jpg,1
2.0_VleugelmoerOplegRecht_Oud_rond_twee_gaten/IMG_20170904_160814452.jpg,1
2.0_VleugelmoerOplegRecht_Oud_rond_twee_gaten/IMG_20170904_160822589.jpg,1
2.0_VleugelmoerOplegRecht_Oud_rond_twee_gaten/IMG_20170904_160825778.jpg,1
2.0_VleugelmoerOplegRecht_Oud_rond_twee_gaten/IMG_20170904_160828594.jpg,1
2.0_VleugelmoerOplegRecht_Oud_rond_twee_gaten/IMG_20170904_160834645.jpg,1
2.0_VleugelmoerOplegRecht_Oud_rond_twee_gaten/IMG_20170904_160844798.jpg,1
2.0_VleugelmoerOplegRecht_Oud_rond_twee_gaten/IMG_20170904_161107657.jpg,1
2.0_VleugelmoerOplegRecht_Oud_rond_twee_gaten/IMG_20170904_161114802.jpg,1
2.0_VleugelmoerOplegRecht_Oud_rond_twee_gaten/IMG_20170904_161120328.jpg,1
2.0_VleugelmoerOplegRecht_Oud_rond_twee_gaten/IMG_20170904_161138945.jpg,1
2.0_VleugelmoerOplegRecht_Oud_rond_twee_gaten/IMG_20170904_161159591.jpg,1
2.0_VleugelmoerOplegRecht_Oud_rond_twee_gaten/IMG_20170904_161205543.jpg,1
2.0_VleugelmoerOplegRecht_Oud_rond_twee_gaten/IMG_20170904_161214565.jpg,1
2.0_VleugelmoerOplegRecht_Oud_rond_twee_gaten/IMG_20170904_162634016.jpg,1
2.0_VleugelmoerOplegRecht_Oud_rond_twee_gaten/IMG_20170904_162638371.jpg,1
2.0_VleugelmoerOplegRecht_Oud_rond_twee_gaten/IMG_20170904_162704314.jpg,1
2.0_VleugelmoerOplegRecht_Oud_rond_twee_gaten/IMG_20170904_162707755.jpg,1
2.0_VleugelmoerOplegRecht_Oud_rond_twee_gaten/IMG_20170904_162711315.jpg,1
2.0_VleugelmoerOplegRecht_Oud_rond_twee_gaten/IMG_20170904_162714652.jpg,1
2.0_VleugelmoerOplegRecht_Oud_rond_twee_gaten/IMG_20170904_162859870.jpg,1
2.0_VleugelmoerOplegRecht_Oud_rond_twee_gaten/IMG_20170904_162904340.jpg,1
2.0_VleugelmoerOplegRecht_Oud_rond_twee_gaten/IMG_20170904_163000337.jpg,1
2.0_VleugelmoerOplegRecht_Oud_rond_twee_gaten/IMG_20170904_163005037.jpg,1
2.0_VleugelmoerOplegRecht_Oud_rond_twee_gaten/IMG_20170904_163008809.jpg,1
2.0_VleugelmoerOplegRecht_Oud_rond_twee_gaten/IMG_20170904_163018377.jpg,1
2.0_VleugelmoerOplegRecht_Oud_rond_twee_gaten/IMG_20170904_163022620.jpg,1
2.1_VleugelMoerOplegRecht_Nieuw_geen_gaten/IMG_20170904_134941204.jpg,2
2.1_VleugelMoerOplegRecht_Nieuw_geen_gaten/IMG_20170904_135017781.jpg,2
2.1_VleugelMoerOplegRecht_Nieuw_geen_gaten/IMG_20170904_135024407.jpg,2
2.1_VleugelMoerOplegRecht_Nieuw_geen_gaten/IMG_20170904_135027846.jpg,2
2.1_VleugelMoerOplegRecht_Nieuw_geen_gaten/IMG_20170904_135053088.jpg,2
2.1_VleugelMoerOplegRecht_Nieuw_geen_gaten/IMG_20170904_135056587.jpg,2
2.1_VleugelMoerOplegRecht_Nieuw_geen_gaten/IMG_20170904_135101563.jpg,2
2.1_VleugelMoerOplegRecht_Nieuw_geen_gaten/IMG_20170904_135105743.jpg,2
2.1_VleugelMoerOplegRecht_Nieuw_geen_gaten/IMG_20170904_135112568.jpg,2
2.1_VleugelMoerOplegRecht_Nieuw_geen_gaten/IMG_20170904_135137150.jpg,2
2.1_VleugelMoerOplegRecht_Nieuw_geen_gaten/IMG_20170904_135152100.jpg,2
2.1_VleugelMoerOplegRecht_Nieuw_geen_gaten/IMG_20170904_135208391.jpg,2
2.1_VleugelMoerOplegRecht_Nieuw_geen_gaten/IMG_20170904_135214935.jpg,2
2.1_VleugelMoerOplegRecht_Nieuw_geen_gaten/IMG_20170904_135217231.jpg,2
2.1_VleugelMoerOplegRecht_Nieuw_geen_gaten/IMG_20170904_135221335.jpg,2
2.1_VleugelMoerOplegRecht_Nieuw_geen_gaten/IMG_20170904_135227292.jpg,2
2.1_VleugelMoerOplegRecht_Nieuw_geen_gaten/IMG_20170904_135231163.jpg,2
2.1_VleugelMoerOplegRecht_Nieuw_geen_gaten/IMG_20170904_135236229.jpg,2
2.1_VleugelMoerOplegRecht_Nieuw_geen_gaten/IMG_20170904_135251193.jpg,2
2.1_VleugelMoerOplegRecht_Nieuw_geen_gaten/IMG_20170904_135256113.jpg,2
2.1_VleugelMoerOplegRecht_Nieuw_geen_gaten/IMG_20170904_135300987.jpg,2
2.1_VleugelMoerOplegRecht_Nieuw_geen_gaten/IMG_20170904_135308045.jpg,2
2.1_VleugelMoerOplegRecht_Nieuw_geen_gaten/IMG_20170904_135313289.jpg,2
2.1_VleugelMoerOplegRecht_Nieuw_geen_gaten/IMG_20170904_135322819.jpg,2
2.1_VleugelMoerOplegRecht_Nieuw_geen_gaten/IMG_20170904_135337640.jpg,2
2.1_VleugelMoerOplegRecht_Nieuw_geen_gaten/IMG_20170904_135408494.jpg,2
2.1_VleugelMoerOplegRecht_Nieuw_geen_gaten/IMG_20170904_135414050.jpg,2
2.1_VleugelMoerOplegRecht_Nieuw_geen_gaten/IMG_20170904_135418956.jpg,2
2.1_VleugelMoerOplegRecht_Nieuw_geen_gaten/IMG_20170904_135424233.jpg,2
2.1_VleugelMoerOplegRecht_Nieuw_geen_gaten/IMG_20170904_135429417.jpg,2
2.1_VleugelMoerOplegRecht_Nieuw_geen_gaten/IMG_20170904_135435320.jpg,2
2.1_VleugelMoerOplegRecht_Nieuw_geen_gaten/IMG_20170904_135439746.jpg,2
2.1_VleugelMoerOplegRecht_Nieuw_geen_gaten/IMG_20170904_135445656.jpg,2
2.1_VleugelMoerOplegRecht_Nieuw_geen_gaten/IMG_20170904_135502520.jpg,2
2.1_VleugelMoerOplegRecht_Nieuw_geen_gaten/IMG_20170904_135508188.jpg,2
2.1_VleugelMoerOplegRecht_Nieuw_geen_gaten/IMG_20170904_135510470.jpg,2
2.1_VleugelMoerOplegRecht_Nieuw_geen_gaten/IMG_20170904_135523713.jpg,2
2.1_VleugelMoerOplegRecht_Nieuw_geen_gaten/IMG_20170904_135538964.jpg,2
2.1_VleugelMoerOplegRecht_Nieuw_geen_gaten/IMG_20170904_135543218.jpg,2
2.1_VleugelMoerOplegRecht_Nieuw_geen_gaten/IMG_20170904_135555787.jpg,2
2.1_VleugelMoerOplegRecht_Nieuw_geen_gaten/IMG_20170904_135600524.jpg,2
2.1_VleugelMoerOplegRecht_Nieuw_geen_gaten/IMG_20170904_135604783.jpg,2
2.1_VleugelMoerOplegRecht_Nieuw_geen_gaten/IMG_20170904_135644901.jpg,2
2.1_VleugelMoerOplegRecht_Nieuw_geen_gaten/IMG_20170904_135649932.jpg,2
2.1_VleugelMoerOplegRecht_Nieuw_geen_gaten/IMG_20170904_135653152.jpg,2
2.1_VleugelMoerOplegRecht_Nieuw_geen_gaten/IMG_20170904_135658598.jpg,2
2.1_VleugelMoerOplegRecht_Nieuw_geen_gaten/IMG_20170904_135716819.jpg,2
2.1_VleugelMoerOplegRecht_Nieuw_geen_gaten/IMG_20170904_135720857.jpg,2
2.1_VleugelMoerOplegRecht_Nieuw_geen_gaten/IMG_20170904_135724880.jpg,2
2.1_VleugelMoerOplegRecht_Nieuw_geen_gaten/IMG_20170904_135728104.jpg,2
2.1_VleugelMoerOplegRecht_Nieuw_geen_gaten/IMG_20170904_135749734.jpg,2
2.1_VleugelMoerOplegRecht_Nieuw_geen_gaten/IMG_20170904_135811947.jpg,2
2.1_VleugelMoerOplegRecht_Nieuw_geen_gaten/IMG_20170904_135822772.jpg,2
2.1_VleugelMoerOplegRecht_Nieuw_geen_gaten/IMG_20170904_135829281.jpg,2
2.1_VleugelMoerOplegRecht_Nieuw_geen_gaten/IMG_20170904_135833831.jpg,2
2.1_VleugelMoerOplegRecht_Nieuw_geen_gaten/IMG_20170904_135839309.jpg,2
2.1_VleugelMoerOplegRecht_Nieuw_geen_gaten/IMG_20170904_135856748.jpg,2
2.1_VleugelMoerOplegRecht_Nieuw_geen_gaten/IMG_20170904_135900819.jpg,2
2.1_VleugelMoerOplegRecht_Nieuw_geen_gaten/IMG_20170904_135904165.jpg,2
2.1_VleugelMoerOplegRecht_Nieuw_geen_gaten/IMG_20170904_135907002.jpg,2
2.1_VleugelMoerOplegRecht_Nieuw_geen_gaten/IMG_20170904_135916474.jpg,2
2.1_VleugelMoerOplegRecht_Nieuw_geen_gaten/IMG_20170904_135919667.jpg,2
2.1_VleugelMoerOplegRecht_Nieuw_geen_gaten/IMG_20170904_135938599.jpg,2
2.1_VleugelMoerOplegRecht_Nieuw_geen_gaten/IMG_20170904_140007069.jpg,2
2.1_VleugelMoerOplegRecht_Nieuw_geen_gaten/IMG_20170904_140016429.jpg,2
2.1_VleugelMoerOplegRecht_Nieuw_geen_gaten/IMG_20170904_140023499.jpg,2
2.1_VleugelMoerOplegRecht_Nieuw_geen_gaten/IMG_20170904_140028519.jpg,2
2.1_VleugelMoerOplegRecht_Nieuw_geen_gaten/IMG_20170904_140240404.jpg,2
2.1_VleugelMoerOplegRecht_Nieuw_geen_gaten/IMG_20170904_140243869.jpg,2
2.1_VleugelMoerOplegRecht_Nieuw_geen_gaten/IMG_20170904_140250190.jpg,2
2.1_VleugelMoerOplegRecht_Nieuw_geen_gaten/IMG_20170904_140253706.jpg,2
2.1_VleugelMoerOplegRecht_Nieuw_geen_gaten/IMG_20170904_140255611.jpg,2
2.1_VleugelMoerOplegRecht_Nieuw_geen_gaten/IMG_20170904_140257841.jpg,2
2.1_VleugelMoerOplegRecht_Nieuw_geen_gaten/IMG_20170904_140423116.jpg,2
2.1_VleugelMoerOplegRecht_Nieuw_geen_gaten/IMG_20170904_140433170.jpg,2
2.1_VleugelMoerOplegRecht_Nieuw_geen_gaten/IMG_20170904_140443226.jpg,2
2.1_VleugelMoerOplegRecht_Nieuw_geen_gaten/IMG_20170904_140449466.jpg,2
2.1_VleugelMoerOplegRecht_Nieuw_geen_gaten/IMG_20170904_140502331.jpg,2
2.1_VleugelMoerOplegRecht_Nieuw_geen_gaten/IMG_20170904_140508532.jpg,2
2.1_VleugelMoerOplegRecht_Nieuw_geen_gaten/IMG_20170904_140517756.jpg,2
2.1_VleugelMoerOplegRecht_Nieuw_geen_gaten/IMG_20170904_140525293.jpg,2
2.1_VleugelMoerOplegRecht_Nieuw_geen_gaten/IMG_20170904_140539680.jpg,2
2.1_VleugelMoerOplegRecht_Nieuw_geen_gaten/IMG_20170904_140545772.jpg,2
2.1_VleugelMoerOplegRecht_Nieuw_geen_gaten/IMG_20170904_140551987.jpg,2
2.1_VleugelMoerOplegRecht_Nieuw_geen_gaten/IMG_20170904_140602713.jpg,2
2.1_VleugelMoerOplegRecht_Nieuw_geen_gaten/IMG_20170904_140610454.jpg,2
2.1_VleugelMoerOplegRecht_Nieuw_geen_gaten/IMG_20170904_142133405.jpg,2
2.1_VleugelMoerOplegRecht_Nieuw_geen_gaten/IMG_20170904_142141585.jpg,2
2.1_VleugelMoerOplegRecht_Nieuw_geen_gaten/IMG_20170904_142150186.jpg,2
2.1_VleugelMoerOplegRecht_Nieuw_geen_gaten/IMG_20170904_142156645.jpg,2
2.1_VleugelMoerOplegRecht_Nieuw_geen_gaten/IMG_20170904_142203109.jpg,2
2.1_VleugelMoerOplegRecht_Nieuw_geen_gaten/IMG_20170904_142208979.jpg,2
2.1_VleugelMoerOplegRecht_Nieuw_geen_gaten/IMG_20170904_142219142.jpg,2
2.1_VleugelMoerOplegRecht_Nieuw_geen_gaten/IMG_20170904_142223768.jpg,2
2.1_VleugelMoerOplegRecht_Nieuw_geen_gaten/IMG_20170904_142230554.jpg,2
2.1_VleugelMoerOplegRecht_Nieuw_geen_gaten/IMG_20170904_142236766.jpg,2
2.1_VleugelMoerOplegRecht_Nieuw_geen_gaten/IMG_20170904_142242179.jpg,2
2.1_VleugelMoerOplegRecht_Nieuw_geen_gaten/IMG_20170904_142248506.jpg,2
2.1_VleugelMoerOplegRecht_Nieuw_geen_gaten/IMG_20170904_142256118.jpg,2
2.1_VleugelMoerOplegRecht_Nieuw_geen_gaten/IMG_20170904_142301017.jpg,2
2.1_VleugelMoerOplegRecht_Nieuw_geen_gaten/IMG_20170904_160503450.jpg,2
2.1_VleugelMoerOplegRecht_Nieuw_geen_gaten/IMG_20170904_160507539.jpg,2
2.1_VleugelMoerOplegRecht_Nieuw_geen_gaten/IMG_20170904_160511975.jpg,2
2.1_VleugelMoerOplegRecht_Nieuw_geen_gaten/IMG_20170904_160515872.jpg,2
2.1_VleugelMoerOplegRecht_Nieuw_geen_gaten/IMG_20170904_160519094.jpg,2
2.1_VleugelMoerOplegRecht_Nieuw_geen_gaten/IMG_20170904_160527812.jpg,2
2.1_VleugelMoerOplegRecht_Nieuw_geen_gaten/IMG_20170904_160530833.jpg,2
2.1_VleugelMoerOplegRecht_Nieuw_geen_gaten/IMG_20170904_160536551.jpg,2
2.1_VleugelMoerOplegRecht_Nieuw_geen_gaten/IMG_20170904_160540760.jpg,2
2.1_VleugelMoerOplegRecht_Nieuw_geen_gaten/IMG_20170904_160940151.jpg,2
2.1_VleugelMoerOplegRecht_Nieuw_geen_gaten/IMG_20170904_160946670.jpg,2
2.1_VleugelMoerOplegRecht_Nieuw_geen_gaten/IMG_20170904_161438356.jpg,2
2.1_VleugelMoerOplegRecht_Nieuw_geen_gaten/IMG_20170904_161443022.jpg,2
2.1_VleugelMoerOplegRecht_Nieuw_geen_gaten/IMG_20170904_161447392.jpg,2
2.1_VleugelMoerOplegRecht_Nieuw_geen_gaten/IMG_20170904_161453093.jpg,2
2.1_VleugelMoerOplegRecht_Nieuw_geen_gaten/IMG_20170904_161457512.jpg,2
2.1_VleugelMoerOplegRecht_Nieuw_geen_gaten/IMG_20170904_161502726.jpg,2
2.1_VleugelMoerOplegRecht_Nieuw_geen_gaten/IMG_20170904_161507981.jpg,2
2.1_VleugelMoerOplegRecht_Nieuw_geen_gaten/IMG_20170904_161512449.jpg,2
2.1_VleugelMoerOplegRecht_Nieuw_geen_gaten/IMG_20170904_161516379.jpg,2
2.1_VleugelMoerOplegRecht_Nieuw_geen_gaten/IMG_20170904_161519806.jpg,2
2.1_VleugelMoerOplegRecht_Nieuw_geen_gaten/IMG_20170904_161526486.jpg,2
2.1_VleugelMoerOplegRecht_Nieuw_geen_gaten/IMG_20170904_161531528.jpg,2
2.1_VleugelMoerOplegRecht_Nieuw_geen_gaten/IMG_20170904_161553621.jpg,2
2.1_VleugelMoerOplegRecht_Nieuw_geen_gaten/IMG_20170904_161611174.jpg,2
2.1_VleugelMoerOplegRecht_Nieuw_geen_gaten/IMG_20170904_161618212.jpg,2
2.1_VleugelMoerOplegRecht_Nieuw_geen_gaten/IMG_20170904_161630240.jpg,2
2.1_VleugelMoerOplegRecht_Nieuw_geen_gaten/IMG_20170904_161643213.jpg,2
2.1_VleugelMoerOplegRecht_Nieuw_geen_gaten/IMG_20170904_161647363.jpg,2
2.1_VleugelMoerOplegRecht_Nieuw_geen_gaten/IMG_20170904_161651324.jpg,2
2.1_VleugelMoerOplegRecht_Nieuw_geen_gaten/IMG_20170904_161655204.jpg,2
2.1_VleugelMoerOplegRecht_Nieuw_geen_gaten/IMG_20170904_161659806_HDR.jpg,2
2.1_VleugelMoerOplegRecht_Nieuw_geen_gaten/IMG_20170904_161704118.jpg,2
2.1_VleugelMoerOplegRecht_Nieuw_geen_gaten/IMG_20170904_161708029.jpg,2
2.1_VleugelMoerOplegRecht_Nieuw_geen_gaten/IMG_20170904_161715804.jpg,2
2.1_VleugelMoerOplegRecht_Nieuw_geen_gaten/IMG_20170904_161720521.jpg,2
2.1_VleugelMoerOplegRecht_Nieuw_geen_gaten/IMG_20170904_161727440.jpg,2
2.1_VleugelMoerOplegRecht_Nieuw_geen_gaten/IMG_20170904_161735523.jpg,2
2.1_VleugelMoerOplegRecht_Nieuw_geen_gaten/IMG_20170904_161738531.jpg,2
2.1_VleugelMoerOplegRecht_Nieuw_geen_gaten/IMG_20170904_161742069.jpg,2
2.1_VleugelMoerOplegRecht_Nieuw_geen_gaten/IMG_20170904_161752229.jpg,2
2.1_VleugelMoerOplegRecht_Nieuw_geen_gaten/IMG_20170904_161755485_HDR.jpg,2
2.1_VleugelMoerOplegRecht_Nieuw_geen_gaten/IMG_20170904_161810456.jpg,2
2.1_VleugelMoerOplegRecht_Nieuw_geen_gaten/IMG_20170904_161819125.jpg,2
2.1_VleugelMoerOplegRecht_Nieuw_geen_gaten/IMG_20170904_161824468.jpg,2
2.1_VleugelMoerOplegRecht_Nieuw_geen_gaten/IMG_20170904_161836470.jpg,2
2.1_VleugelMoerOplegRecht_Nieuw_geen_gaten/IMG_20170904_161844948.jpg,2
2.1_VleugelMoerOplegRecht_Nieuw_geen_gaten/IMG_20170904_161849038.jpg,2
2.1_VleugelMoerOplegRecht_Nieuw_geen_gaten/IMG_20170904_161854034.jpg,2
2.1_VleugelMoerOplegRecht_Nieuw_geen_gaten/IMG_20170904_161857299.jpg,2
2.1_VleugelMoerOplegRecht_Nieuw_geen_gaten/IMG_20170904_161900714.jpg,2
2.1_VleugelMoerOplegRecht_Nieuw_geen_gaten/IMG_20170904_161914224.jpg,2
2.1_VleugelMoerOplegRecht_Nieuw_geen_gaten/IMG_20170904_161918680.jpg,2
2.1_VleugelMoerOplegRecht_Nieuw_geen_gaten/IMG_20170904_161923666.jpg,2
2.1_VleugelMoerOplegRecht_Nieuw_geen_gaten/IMG_20170904_161927812.jpg,2
2.1_VleugelMoerOplegRecht_Nieuw_geen_gaten/IMG_20170904_161940805.jpg,2
2.1_VleugelMoerOplegRecht_Nieuw_geen_gaten/IMG_20170904_162053713.jpg,2
2.1_VleugelMoerOplegRecht_Nieuw_geen_gaten/IMG_20170904_162058278.jpg,2
2.1_VleugelMoerOplegRecht_Nieuw_geen_gaten/IMG_20170904_162059251.jpg,2
2.1_VleugelMoerOplegRecht_Nieuw_geen_gaten/IMG_20170904_162105117.jpg,2
2.1_VleugelMoerOplegRecht_Nieuw_geen_gaten/IMG_20170904_162106186.jpg,2
2.1_VleugelMoerOplegRecht_Nieuw_geen_gaten/IMG_20170904_162107517.jpg,2
2.1_VleugelMoerOplegRecht_Nieuw_geen_gaten/IMG_20170904_162108316.jpg,2
2.1_VleugelMoerOplegRecht_Nieuw_geen_gaten/IMG_20170904_162235992.jpg,2
2.1_VleugelMoerOplegRecht_Nieuw_geen_gaten/IMG_20170904_162240806.jpg,2
2.1_VleugelMoerOplegRecht_Nieuw_geen_gaten/IMG_20170904_162243655.jpg,2
2.1_VleugelMoerOplegRecht_Nieuw_geen_gaten/IMG_20170904_162247858.jpg,2
2.1_VleugelMoerOplegRecht_Nieuw_geen_gaten/IMG_20170904_162252889.jpg,2
2.1_VleugelMoerOplegRecht_Nieuw_geen_gaten/IMG_20170904_162258062.jpg,2
2.1_VleugelMoerOplegRecht_Nieuw_geen_gaten/IMG_20170904_162303149.jpg,2
2.1_VleugelMoerOplegRecht_Nieuw_geen_gaten/IMG_20170904_162311315.jpg,2
2.1_VleugelMoerOplegRecht_Nieuw_geen_gaten/IMG_20170904_162321269.jpg,2
2.1_VleugelMoerOplegRecht_Nieuw_geen_gaten/IMG_20170904_162331843.jpg,2
2.1_VleugelMoerOplegRecht_Nieuw_geen_gaten/IMG_20170904_162335792.jpg,2
2.1_VleugelMoerOplegRecht_Nieuw_geen_gaten/IMG_20170904_162342831.jpg,2
2.1_VleugelMoerOplegRecht_Nieuw_geen_gaten/IMG_20170904_162350440.jpg,2
2.1_VleugelMoerOplegRecht_Nieuw_geen_gaten/IMG_20170904_162353468.jpg,2
2.1_VleugelMoerOplegRecht_Nieuw_geen_gaten/IMG_20170904_162400047.jpg,2
2.1_VleugelMoerOplegRecht_Nieuw_geen_gaten/IMG_20170904_162408449.jpg,2
2.1_VleugelMoerOplegRecht_Nieuw_geen_gaten/IMG_20170904_162418240.jpg,2
2.1_VleugelMoerOplegRecht_Nieuw_geen_gaten/IMG_20170904_162423110.jpg,2
2.1_VleugelMoerOplegRecht_Nieuw_geen_gaten/IMG_20170904_162434461.jpg,2
2.1_VleugelMoerOplegRecht_Nieuw_geen_gaten/IMG_20170904_162442155.jpg,2
2.1_VleugelMoerOplegRecht_Nieuw_geen_gaten/IMG_20170904_162449745.jpg,2
2.1_VleugelMoerOplegRecht_Nieuw_geen_gaten/IMG_20170904_162456717.jpg,2
2.1_VleugelMoerOplegRecht_Nieuw_geen_gaten/IMG_20170904_162502192.jpg,2
2.1_VleugelMoerOplegRecht_Nieuw_geen_gaten/IMG_20170904_162514522.jpg,2
2.1_VleugelMoerOplegRecht_Nieuw_geen_gaten/IMG_20170904_162805402.jpg,2
2.1_VleugelMoerOplegRecht_Nieuw_geen_gaten/IMG_20170904_162809589.jpg,2
2.1_VleugelMoerOplegRecht_Nieuw_geen_gaten/IMG_20170904_162815126.jpg,2
2.1_VleugelMoerOplegRecht_Nieuw_geen_gaten/IMG_20170904_162820534.jpg,2
2.1_VleugelMoerOplegRecht_Nieuw_geen_gaten/IMG_20170904_162935010.jpg,2
2.1_VleugelMoerOplegRecht_Nieuw_geen_gaten/IMG_20170904_162942446.jpg,2
2.1_VleugelMoerOplegRecht_Nieuw_geen_gaten/IMG_20170904_162949333.jpg,2
2.1_VleugelMoerOplegRecht_Nieuw_geen_gaten/IMG_20170904_162954498.jpg,2
3_VleugelMoerOpleg_Rond/P1090136.JPG,3
3_VleugelMoerOpleg_Rond/P1090137.JPG,3
3_VleugelMoerOpleg_Rond/P1090139.JPG,3
3_VleugelMoerOpleg_Rond/P1090140.JPG,3
3_VleugelMoerOpleg_Rond/P1090141.JPG,3
3_VleugelMoerOpleg_Rond/P1090142.JPG,3
3_VleugelMoerOpleg_Rond/P1090143.JPG,3
3_VleugelMoerOpleg_Rond/P1090144.JPG,3
3_VleugelMoerOpleg_Rond/P1090145.JPG,3
3_VleugelMoerOpleg_Rond/P1090146.JPG,3
3_VleugelMoerOpleg_Rond/P1090148.JPG,3
3_VleugelMoerOpleg_Rond/P1090149.JPG,3
3_VleugelMoerOpleg_Rond/P1090151.JPG,3
3_VleugelMoerOpleg_Rond/P1090152.JPG,3
3_VleugelMoerOpleg_Rond/P1090153.JPG,3
3_VleugelMoerOpleg_Rond/P1090154.JPG,3
3_VleugelMoerOpleg_Rond/P1090155.JPG,3
3_VleugelMoerOpleg_Rond/P1090156.JPG,3
3_VleugelMoerOpleg_Rond/P1090157.JPG,3
3_VleugelMoerOpleg_Rond/P1090158.JPG,3
3_VleugelMoerOpleg_Rond/P1090159.JPG,3
3_VleugelMoerOpleg_Rond/P1090160.JPG,3
3_VleugelMoerOpleg_Rond/P1090161.JPG,3
3_VleugelMoerOpleg_Rond/P1090162.JPG,3
3_VleugelMoerOpleg_Rond/P1090163.JPG,3
3_VleugelMoerOpleg_Rond/P1090164.JPG,3
3_VleugelMoerOpleg_Rond/P1090165.JPG,3
3_VleugelMoerOpleg_Rond/P1090166.JPG,3
3_VleugelMoerOpleg_Rond/P1090168.JPG,3
3_VleugelMoerOpleg_Rond/P1090170.JPG,3
3_VleugelMoerOpleg_Rond/P1090172.JPG,3
3_VleugelMoerOpleg_Rond/P1090173.JPG,3
3_VleugelMoerOpleg_Rond/P1090174.JPG,3
3_VleugelMoerOpleg_Rond/P1090175.JPG,3
3_VleugelMoerOpleg_Rond/P1090176.JPG,3
3_VleugelMoerOpleg_Rond/P1090177.JPG,3
3_VleugelMoerOpleg_Rond/P1090178.JPG,3
3_VleugelMoerOpleg_Rond/P1090179.JPG,3
3_VleugelMoerOpleg_Rond/P1090180.JPG,3
3_VleugelMoerOpleg_Rond/P1090181.JPG,3
3_VleugelMoerOpleg_Rond/P1090182.JPG,3
3_VleugelMoerOpleg_Rond/P1090184.JPG,3
3_VleugelMoerOpleg_Rond/P1090185.JPG,3
3_VleugelMoerOpleg_Rond/P1090186.JPG,3
3_VleugelMoerOpleg_Rond/P1090187.JPG,3
3_VleugelMoerOpleg_Rond/P1090189.JPG,3
3_VleugelMoerOpleg_Rond/P1090190.JPG,3
3_VleugelMoerOpleg_Rond/P1090191.JPG,3
3_VleugelMoerOpleg_Rond/P1090193.JPG,3
3_VleugelMoerOpleg_Rond/P1090194.JPG,3
3_VleugelMoerOpleg_Rond/P1090195.JPG,3
3_VleugelMoerOpleg_Rond/P1090196.JPG,3
3_VleugelMoerOpleg_Rond/P1090197.JPG,3
3_VleugelMoerOpleg_Rond/P1090198.JPG,3
3_VleugelMoerOpleg_Rond/P1090199.JPG,3
3_VleugelMoerOpleg_Rond/P1090200.JPG,3
3_VleugelMoerOpleg_Rond/P1090201.JPG,3
3_VleugelMoerOpleg_Rond/P1090202.JPG,3
3_VleugelMoerOpleg_Rond/P1090203.JPG,3
3_VleugelMoerOpleg_Rond/P1090204.JPG,3
3_VleugelMoerOpleg_Rond/P1090205.JPG,3
3_VleugelMoerOpleg_Rond/P1090209.JPG,3
3_VleugelMoerOpleg_Rond/P1090210.JPG,3
3_VleugelMoerOpleg_Rond/P1090211.JPG,3
3_VleugelMoerOpleg_Rond/P1090212.JPG,3
3_VleugelMoerOpleg_Rond/P1090214.JPG,3
3_VleugelMoerOpleg_Rond/P1090216.JPG,3
3_VleugelMoerOpleg_Rond/P1090218.JPG,3
3_VleugelMoerOpleg_Rond/P1090220.JPG,3
3_VleugelMoerOpleg_Rond/P1090222.JPG,3
3_VleugelMoerOpleg_Rond/P1090223.JPG,3
3_VleugelMoerOpleg_Rond/P1090224.JPG,3
3_VleugelMoerOpleg_Rond/P1090225.JPG,3
3_VleugelMoerOpleg_Rond/P1090226.JPG,3
3_VleugelMoerOpleg_Rond/P1090227.JPG,3
3_VleugelMoerOpleg_Rond/P1090228.JPG,3
3_VleugelMoerOpleg_Rond/P1090229.JPG,3
3_VleugelMoerOpleg_Rond/P1090231.JPG,3
3_VleugelMoerOpleg_Rond/P1090232.JPG,3
3_VleugelMoerOpleg_Rond/P1090233.JPG,3
3_VleugelMoerOpleg_Rond/P1090235.JPG,3
3_VleugelMoerOpleg_Rond/P1090237.JPG,3
3_VleugelMoerOpleg_Rond/P1090239.JPG,3
3_VleugelMoerOpleg_Rond/P1090240.JPG,3
3_VleugelMoerOpleg_Rond/P1090241.JPG,3
3_VleugelMoerOpleg_Rond/P1090242.JPG,3
3_VleugelMoerOpleg_Rond/P1090243.JPG,3
3_VleugelMoerOpleg_Rond/P1090244.JPG,3
3_VleugelMoerOpleg_Rond/P1090245.JPG,3
3_VleugelMoerOpleg_Rond/P1090246.JPG,3
3_VleugelMoerOpleg_Rond/P1090247.JPG,3
3_VleugelMoerOpleg_Rond/P1090248.JPG,3
3_VleugelMoerOpleg_Rond/P1090249.JPG,3
3_VleugelMoerOpleg_Rond/P1090251.JPG,3
3_VleugelMoerOpleg_Rond/P1090252.JPG,3
3_VleugelMoerOpleg_Rond/P1090253.JPG,3
3_VleugelMoerOpleg_Rond/P1090254.JPG,3
3_VleugelMoerOpleg_Rond/P1090255.JPG,3
3_VleugelMoerOpleg_Rond/P1090256.JPG,3
3_VleugelMoerOpleg_Rond/P1090258.JPG,3
3_VleugelMoerOpleg_Rond/P1090259.JPG,3
3_VleugelMoerOpleg_Rond/P1090260.JPG,3
3_VleugelMoerOpleg_Rond/P1090262.JPG,3
3_VleugelMoerOpleg_Rond/P1090263.JPG,3
3_VleugelMoerOpleg_Rond/P1090264.JPG,3
3_VleugelMoerOpleg_Rond/P1090266.JPG,3
3_VleugelMoerOpleg_Rond/P1090267.JPG,3
3_VleugelMoerOpleg_Rond/P1090268.JPG,3
3_VleugelMoerOpleg_Rond/P1090270.JPG,3
3_VleugelMoerOpleg_Rond/P1090271.JPG,3
3_VleugelMoerOpleg_Rond/P1090272.JPG,3
3_VleugelMoerOpleg_Rond/P1090273.JPG,3
3_VleugelMoerOpleg_Rond/P1090274.JPG,3
3_VleugelMoerOpleg_Rond/P1090275.JPG,3
3_VleugelMoerOpleg_Rond/P1090277.JPG,3
3_VleugelMoerOpleg_Rond/P1090279.JPG,3
3_VleugelMoerOpleg_Rond/P1090280.JPG,3
3_VleugelMoerOpleg_Rond/P1090281.JPG,3
3_VleugelMoerOpleg_Rond/P1090283.JPG,3
3_VleugelMoerOpleg_Rond/P1090284.JPG,3
3_VleugelMoerOpleg_Rond/P1090286.JPG,3
3_VleugelMoerOpleg_Rond/P1090288.JPG,3
3_VleugelMoerOpleg_Rond/P1090289.JPG,3
3_VleugelMoerOpleg_Rond/P1090291.JPG,3
3_VleugelMoerOpleg_Rond/P1090293.JPG,3
3_VleugelMoerOpleg_Rond/P1090294.JPG,3
3_VleugelMoerOpleg_Rond/P1090295.JPG,3
3_VleugelMoerOpleg_Rond/P1090296.JPG,3
3_VleugelMoerOpleg_Rond/P1090297.JPG,3
3_VleugelMoerOpleg_Rond/P1090298.JPG,3
3_VleugelMoerOpleg_Rond/P1090299.JPG,3
3_VleugelMoerOpleg_Rond/P1090300.JPG,3
3_VleugelMoerOpleg_Rond/P1090303.JPG,3
3_VleugelMoerOpleg_Rond/P1090304.JPG,3
3_VleugelMoerOpleg_Rond/P1090305.JPG,3
3_VleugelMoerOpleg_Rond/P1090306.JPG,3
3_VleugelMoerOpleg_Rond/P1090307.JPG,3
3_VleugelMoerOpleg_Rond/P1090308.JPG,3
3_VleugelMoerOpleg_Rond/P1090309.JPG,3
3_VleugelMoerOpleg_Rond/P1090310.JPG,3
3_VleugelMoerOpleg_Rond/P1090311.JPG,3
3_VleugelMoerOpleg_Rond/P1090314.JPG,3
3_VleugelMoerOpleg_Rond/P1090315.JPG,3
3_VleugelMoerOpleg_Rond/P1090316.JPG,3
3_VleugelMoerOpleg_Rond/P1090320.JPG,3
3_VleugelMoerOpleg_Rond/P1090321.JPG,3
3_VleugelMoerOpleg_Rond/P1090322.JPG,3
3_VleugelMoerOpleg_Rond/P1090324.JPG,3
3_VleugelMoerOpleg_Rond/P1090325.JPG,3
3_VleugelMoerOpleg_Rond/P1090326.JPG,3
3_VleugelMoerOpleg_Rond/P1090327.JPG,3
3_VleugelMoerOpleg_Rond/P1090328.JPG,3
3_VleugelMoerOpleg_Rond/P1090330.JPG,3
3_VleugelMoerOpleg_Rond/P1090331.JPG,3
3_VleugelMoerOpleg_Rond/P1090332.JPG,3
3_VleugelMoerOpleg_Rond/P1090333.JPG,3
3_VleugelMoerOpleg_Rond/P1090334.JPG,3
3_VleugelMoerOpleg_Rond/P1090335.JPG,3
3_VleugelMoerOpleg_Rond/P1090337.JPG,3
3_VleugelMoerOpleg_Rond/P1090338.JPG,3
3_VleugelMoerOpleg_Rond/P1090339.JPG,3
3_VleugelMoerOpleg_Rond/P1090341.JPG,3
3_VleugelMoerOpleg_Rond/P1090343.JPG,3
3_VleugelMoerOpleg_Rond/P1090344.JPG,3
3_VleugelMoerOpleg_Rond/P1090345.JPG,3
3_VleugelMoerOpleg_Rond/P1090346.JPG,3
3_VleugelMoerOpleg_Rond/P1090347.JPG,3
3_VleugelMoerOpleg_Rond/P1090348.JPG,3
3_VleugelMoerOpleg_Rond/P1090350.JPG,3
3_VleugelMoerOpleg_Rond/P1090351.JPG,3
3_VleugelMoerOpleg_Rond/P1090352.JPG,3
3_VleugelMoerOpleg_Rond/P1090353.JPG,3
3_VleugelMoerOpleg_Rond/P1090354.JPG,3
3_VleugelMoerOpleg_Rond/P1090355.JPG,3
3_VleugelMoerOpleg_Rond/P1090356.JPG,3
3_VleugelMoerOpleg_Rond/P1090358.JPG,3
3_VleugelMoerOpleg_Rond/P1090359.JPG,3
3_VleugelMoerOpleg_Rond/P1090360.JPG,3
3_VleugelMoerOpleg_Rond/P1090361.JPG,3
3_VleugelMoerOpleg_Rond/P1090365.JPG,3
3_VleugelMoerOpleg_Rond/P1090366.JPG,3
3_VleugelMoerOpleg_Rond/P1090367.JPG,3
3_VleugelMoerOpleg_Rond/P1090369.JPG,3
3_VleugelMoerOpleg_Rond/P1090370.JPG,3
3_VleugelMoerOpleg_Rond/P1090372.JPG,3
3_VleugelMoerOpleg_Rond/P1090373.JPG,3
3_VleugelMoerOpleg_Rond/P1090374.JPG,3
3_VleugelMoerOpleg_Rond/P1090375.JPG,3
3_VleugelMoerOpleg_Rond/P1090376.JPG,3
3_VleugelMoerOpleg_Rond/P1090377.JPG,3
4 .1_Variable_Spanklem_Lang/P1090648.JPG,4
4 .1_Variable_Spanklem_Lang/P1090649.JPG,4
4 .1_Variable_Spanklem_Lang/P1090650.JPG,4
4 .1_Variable_Spanklem_Lang/P1090651.JPG,4
4 .1_Variable_Spanklem_Lang/P1090652.JPG,4
4 .1_Variable_Spanklem_Lang/P1090653.JPG,4
4 .1_Variable_Spanklem_Lang/P1090654.JPG,4
4 .1_Variable_Spanklem_Lang/P1090655.JPG,4
4 .1_Variable_Spanklem_Lang/P1090656.JPG,4
4 .1_Variable_Spanklem_Lang/P1090657.JPG,4
4 .1_Variable_Spanklem_Lang/P1090658.JPG,4
4 .1_Variable_Spanklem_Lang/P1090659.JPG,4
4 .1_Variable_Spanklem_Lang/P1090660.JPG,4
4 .1_Variable_Spanklem_Lang/P1090661.JPG,4
4 .1_Variable_Spanklem_Lang/P1090665.JPG,4
4 .1_Variable_Spanklem_Lang/P1090667.JPG,4
4 .1_Variable_Spanklem_Lang/P1090668.JPG,4
4 .1_Variable_Spanklem_Lang/P1090669.JPG,4
4 .1_Variable_Spanklem_Lang/P1090670.JPG,4
4 .1_Variable_Spanklem_Lang/P1090672.JPG,4
4 .1_Variable_Spanklem_Lang/P1090673.JPG,4
4 .1_Variable_Spanklem_Lang/P1090674.JPG,4
4 .1_Variable_Spanklem_Lang/P1090675.JPG,4
4 .1_Variable_Spanklem_Lang/P1090677.JPG,4
4 .1_Variable_Spanklem_Lang/P1090678.JPG,4
4 .1_Variable_Spanklem_Lang/P1090679.JPG,4
4 .1_Variable_Spanklem_Lang/P1090680.JPG,4
4 .1_Variable_Spanklem_Lang/P1090681.JPG,4
4 .1_Variable_Spanklem_Lang/P1090682.JPG,4
4 .1_Variable_Spanklem_Lang/P1090683.JPG,4
4 .1_Variable_Spanklem_Lang/P1090685.JPG,4
4 .1_Variable_Spanklem_Lang/P1090686.JPG,4
4 .1_Variable_Spanklem_Lang/P1090687.JPG,4
4 .1_Variable_Spanklem_Lang/P1090688.JPG,4
4 .1_Variable_Spanklem_Lang/P1090689.JPG,4
4 .1_Variable_Spanklem_Lang/P1090690.JPG,4
4 .1_Variable_Spanklem_Lang/P1090692.JPG,4
4 .1_Variable_Spanklem_Lang/P1090693.JPG,4
4 .1_Variable_Spanklem_Lang/P1090694.JPG,4
4 .1_Variable_Spanklem_Lang/P1090697.JPG,4
4 .1_Variable_Spanklem_Lang/P1090699.JPG,4
4 .1_Variable_Spanklem_Lang/P1090700.JPG,4
4 .1_Variable_Spanklem_Lang/P1090702.JPG,4
4 .1_Variable_Spanklem_Lang/P1090704.JPG,4
4 .1_Variable_Spanklem_Lang/P1090705.JPG,4
4 .1_Variable_Spanklem_Lang/P1090707.JPG,4
4 .1_Variable_Spanklem_Lang/P1090708.JPG,4
4 .1_Variable_Spanklem_Lang/P1090709.JPG,4
4 .1_Variable_Spanklem_Lang/P1090710.JPG,4
4 .1_Variable_Spanklem_Lang/P1090711.JPG,4
4 .1_Variable_Spanklem_Lang/P1090713.JPG,4
4 .1_Variable_Spanklem_Lang/P1090714.JPG,4
4 .1_Variable_Spanklem_Lang/P1090715.JPG,4
4 .1_Variable_Spanklem_Lang/P1090716.JPG,4
4 .1_Variable_Spanklem_Lang/P1090717.JPG,4
4 .1_Variable_Spanklem_Lang/P1090718.JPG,4
4 .1_Variable_Spanklem_Lang/P1090719.JPG,4
4 .1_Variable_Spanklem_Lang/P1090720.JPG,4
4 .1_Variable_Spanklem_Lang/P1090723.JPG,4
4 .1_Variable_Spanklem_Lang/P1090724.JPG,4
4 .1_Variable_Spanklem_Lang/P1090728.JPG,4
4 .1_Variable_Spanklem_Lang/P1090729.JPG,4
4 .1_Variable_Spanklem_Lang/P1090731.JPG,4
4 .1_Variable_Spanklem_Lang/P1090732.JPG,4
4 .1_Variable_Spanklem_Lang/P1090733.JPG,4
4 .1_Variable_Spanklem_Lang/P1090735.JPG,4
4 .1_Variable_Spanklem_Lang/P1090736.JPG,4
4 .1_Variable_Spanklem_Lang/P1090737.JPG,4
4 .1_Variable_Spanklem_Lang/P1090738.JPG,4
4 .1_Variable_Spanklem_Lang/P1090739.JPG,4
4 .1_Variable_Spanklem_Lang/P1090740.JPG,4
4 .1_Variable_Spanklem_Lang/P1090741.JPG,4
4 .1_Variable_Spanklem_Lang/P1090744.JPG,4
4 .1_Variable_Spanklem_Lang/P1090745.JPG,4
4 .1_Variable_Spanklem_Lang/P1090746.JPG,4
4 .1_Variable_Spanklem_Lang/P1090747.JPG,4
4 .1_Variable_Spanklem_Lang/P1090749.JPG,4
4 .1_Variable_Spanklem_Lang/P1090750.JPG,4
4 .1_Variable_Spanklem_Lang/P1090751.JPG,4
4 .1_Variable_Spanklem_Lang/P1090752.JPG,4
4 .1_Variable_Spanklem_Lang/P1090753.JPG,4
4 .1_Variable_Spanklem_Lang/P1090754.JPG,4
4 .1_Variable_Spanklem_Lang/P1090755.JPG,4
4 .1_Variable_Spanklem_Lang/P1090756.JPG,4
4 .1_Variable_Spanklem_Lang/P1090757.JPG,4
4 .1_Variable_Spanklem_Lang/P1090758.JPG,4
4 .1_Variable_Spanklem_Lang/P1090759.JPG,4
4 .1_Variable_Spanklem_Lang/P1090760.JPG,4
4 .1_Variable_Spanklem_Lang/P1090762.JPG,4
4 .1_Variable_Spanklem_Lang/P1090763.JPG,4
4 .1_Variable_Spanklem_Lang/P1090764.JPG,4
4 .1_Variable_Spanklem_Lang/P1090766.JPG,4
4 .1_Variable_Spanklem_Lang/P1090767.JPG,4
4 .1_Variable_Spanklem_Lang/P1090768.JPG,4
4 .1_Variable_Spanklem_Lang/P1090774.JPG,4
4 .1_Variable_Spanklem_Lang/P1090775.JPG,4
4 .1_Variable_Spanklem_Lang/P1090779.JPG,4
4 .1_Variable_Spanklem_Lang/P1090780.JPG,4
4 .1_Variable_Spanklem_Lang/P1090782.JPG,4
4 .1_Variable_Spanklem_Lang/P1090783.JPG,4
4 .1_Variable_Spanklem_Lang/P1090785.JPG,4
4 .1_Variable_Spanklem_Lang/P1090787.JPG,4
4 .1_Variable_Spanklem_Lang/P1090788.JPG,4
4 .1_Variable_Spanklem_Lang/P1090789.JPG,4
4 .1_Variable_Spanklem_Lang/P1090790.JPG,4
4 .1_Variable_Spanklem_Lang/P1090792.JPG,4
4 .1_Variable_Spanklem_Lang/P1090793.JPG,4
4 .1_Variable_Spanklem_Lang/P1090794.JPG,4
4 .1_Variable_Spanklem_Lang/P1090796.JPG,4
4 .1_Variable_Spanklem_Lang/P1090797.JPG,4
4 .1_Variable_Spanklem_Lang/P1090799.JPG,4
4 .1_Variable_Spanklem_Lang/P1090800.JPG,4
4 .1_Variable_Spanklem_Lang/P1090801.JPG,4
4 .1_Variable_Spanklem_Lang/P1090802.JPG,4
4 .1_Variable_Spanklem_Lang/P1090803.JPG,4
4 .1_Variable_Spanklem_Lang/P1090804.JPG,4
4 .1_Variable_Spanklem_Lang/P1090805.JPG,4
4 .1_Variable_Spanklem_Lang/P1090806.JPG,4
4 .1_Variable_Spanklem_Lang/P1090807.JPG,4
4 .1_Variable_Spanklem_Lang/P1090809.JPG,4
4 .1_Variable_Spanklem_Lang/P1090810.JPG,4
4 .1_Variable_Spanklem_Lang/P1090811.JPG,4
4 .1_Variable_Spanklem_Lang/P1090812.JPG,4
4 .1_Variable_Spanklem_Lang/P1090813.JPG,4
4 .1_Variable_Spanklem_Lang/P1090814.JPG,4
4 .1_Variable_Spanklem_Lang/P1090816.JPG,4
4 .1_Variable_Spanklem_Lang/P1090817.JPG,4
4 .1_Variable_Spanklem_Lang/P1090818.JPG,4
4 .1_Variable_Spanklem_Lang/P1090819.JPG,4
4 .1_Variable_Spanklem_Lang/P1090820.JPG,4
4 .1_Variable_Spanklem_Lang/P1090821.JPG,4
4 .1_Variable_Spanklem_Lang/P1090822.JPG,4
4 .1_Variable_Spanklem_Lang/P1090823.JPG,4
4 .1_Variable_Spanklem_Lang/P1090824.JPG,4
4 .1_Variable_Spanklem_Lang/P1090825.JPG,4
4 .1_Variable_Spanklem_Lang/P1090826.JPG,4
4 .1_Variable_Spanklem_Lang/P1090827.JPG,4
4 .1_Variable_Spanklem_Lang/P1090828.JPG,4
4 .1_Variable_Spanklem_Lang/P1090829.JPG,4
4 .1_Variable_Spanklem_Lang/P1090830.JPG,4
4 .1_Variable_Spanklem_Lang/P1090832.JPG,4
4 .1_Variable_Spanklem_Lang/P1090833.JPG,4
4 .1_Variable_Spanklem_Lang/P1090836.JPG,4
4 .1_Variable_Spanklem_Lang/P1090837.JPG,4
4 .1_Variable_Spanklem_Lang/P1090838.JPG,4
4 .1_Variable_Spanklem_Lang/P1090839.JPG,4
4 .1_Variable_Spanklem_Lang/P1090840.JPG,4
4 .1_Variable_Spanklem_Lang/P1090841.JPG,4
4 .1_Variable_Spanklem_Lang/P1090842.JPG,4
4 .1_Variable_Spanklem_Lang/P1090843.JPG,4
4 .1_Variable_Spanklem_Lang/P1090844.JPG,4
4 .1_Variable_Spanklem_Lang/P1090845.JPG,4
4 .1_Variable_Spanklem_Lang/P1090846.JPG,4
4 .1_Variable_Spanklem_Lang/P1090848.JPG,4
4 .1_Variable_Spanklem_Lang/P1090849.JPG,4
4 .1_Variable_Spanklem_Lang/P1090850.JPG,4
4 .1_Variable_Spanklem_Lang/P1090851.JPG,4
4 .1_Variable_Spanklem_Lang/P1090853.JPG,4
4 .1_Variable_Spanklem_Lang/P1090854.JPG,4
4 .1_Variable_Spanklem_Lang/P1090855.JPG,4
4 .1_Variable_Spanklem_Lang/P1090856.JPG,4
4 .1_Variable_Spanklem_Lang/P1090858.JPG,4
4 .1_Variable_Spanklem_Lang/P1090859.JPG,4
4 .1_Variable_Spanklem_Lang/P1090860.JPG,4
4 .1_Variable_Spanklem_Lang/P1090861.JPG,4
4 .1_Variable_Spanklem_Lang/P1090862.JPG,4
4 .1_Variable_Spanklem_Lang/P1090863.JPG,4
4 .1_Variable_Spanklem_Lang/P1090864.JPG,4
4 .1_Variable_Spanklem_Lang/P1090867.JPG,4
4 .1_Variable_Spanklem_Lang/P1090868.JPG,4
4 .1_Variable_Spanklem_Lang/P1090869.JPG,4
4 .1_Variable_Spanklem_Lang/P1090870.JPG,4
4 .1_Variable_Spanklem_Lang/P1090871.JPG,4
4 .1_Variable_Spanklem_Lang/P1090872.JPG,4
4 .1_Variable_Spanklem_Lang/P1090874.JPG,4
4 .1_Variable_Spanklem_Lang/P1090875.JPG,4
4 .1_Variable_Spanklem_Lang/P1090876.JPG,4
4 .1_Variable_Spanklem_Lang/P1090877.JPG,4
4 .1_Variable_Spanklem_Lang/P1090878.JPG,4
4 .1_Variable_Spanklem_Lang/P1090879.JPG,4
4 .1_Variable_Spanklem_Lang/P1090881.JPG,4
4 .1_Variable_Spanklem_Lang/P1090882.JPG,4
4 .1_Variable_Spanklem_Lang/P1090883.JPG,4
4 .1_Variable_Spanklem_Lang/P1090884.JPG,4
4 .1_Variable_Spanklem_Lang/P1090885.JPG,4
4 .1_Variable_Spanklem_Lang/P1090886.JPG,4
4 .1_Variable_Spanklem_Lang/P1090887.JPG,4
4 .1_Variable_Spanklem_Lang/P1090888.JPG,4
4 .1_Variable_Spanklem_Lang/P1090889.JPG,4
4 .1_Variable_Spanklem_Lang/P1090890.JPG,4
4 .1_Variable_Spanklem_Lang/P1090891.JPG,4
4 .1_Variable_Spanklem_Lang/P1090892.JPG,4
4 .1_Variable_Spanklem_Lang/P1090893.JPG,4
4 .1_Variable_Spanklem_Lang/P1090894.JPG,4
4 .1_Variable_Spanklem_Lang/P1090895.JPG,4
4 .1_Variable_Spanklem_Lang/P1090896.JPG,4
4 .1_Variable_Spanklem_Lang/P1090897.JPG,4
4 .1_Variable_Spanklem_Lang/P1090898.JPG,4
4 .1_Variable_Spanklem_Lang/P1090899.JPG,4
4 .1_Variable_Spanklem_Lang/P1090900.JPG,4
4.0_Variable_Spanklem_Kort/P1090379.JPG,5
4.0_Variable_Spanklem_Kort/P1090381.JPG,5
4.0_Variable_Spanklem_Kort/P1090382.JPG,5
4.0_Variable_Spanklem_Kort/P1090383.JPG,5
4.0_Variable_Spanklem_Kort/P1090384.JPG,5
4.0_Variable_Spanklem_Kort/P1090385.JPG,5
4.0_Variable_Spanklem_Kort/P1090387.JPG,5
4.0_Variable_Spanklem_Kort/P1090388.JPG,5
4.0_Variable_Spanklem_Kort/P1090389.JPG,5
4.0_Variable_Spanklem_Kort/P1090390.JPG,5
4.0_Variable_Spanklem_Kort/P1090392.JPG,5
4.0_Variable_Spanklem_Kort/P1090393.JPG,5
4.0_Variable_Spanklem_Kort/P1090395.JPG,5
4.0_Variable_Spanklem_Kort/P1090397.JPG,5
4.0_Variable_Spanklem_Kort/P1090399.JPG,5
4.0_Variable_Spanklem_Kort/P1090400.JPG,5
4.0_Variable_Spanklem_Kort/P1090403.JPG,5
4.0_Variable_Spanklem_Kort/P1090406.JPG,5
4.0_Variable_Spanklem_Kort/P1090407.JPG,5
4.0_Variable_Spanklem_Kort/P1090408.JPG,5
4.0_Variable_Spanklem_Kort/P1090409.JPG,5
4.0_Variable_Spanklem_Kort/P1090410.JPG,5
4.0_Variable_Spanklem_Kort/P1090411.JPG,5
4.0_Variable_Spanklem_Kort/P1090412.JPG,5
4.0_Variable_Spanklem_Kort/P1090413.JPG,5
4.0_Variable_Spanklem_Kort/P1090415.JPG,5
4.0_Variable_Spanklem_Kort/P1090416.JPG,5
4.0_Variable_Spanklem_Kort/P1090417.JPG,5
4.0_Variable_Spanklem_Kort/P1090418.JPG,5
4.0_Variable_Spanklem_Kort/P1090419.JPG,5
4.0_Variable_Spanklem_Kort/P1090420.JPG,5
4.0_Variable_Spanklem_Kort/P1090421.JPG,5
4.0_Variable_Spanklem_Kort/P1090422.JPG,5
4.0_Variable_Spanklem_Kort/P1090423.JPG,5
4.0_Variable_Spanklem_Kort/P1090424.JPG,5
4.0_Variable_Spanklem_Kort/P1090425.JPG,5
4.0_Variable_Spanklem_Kort/P1090426.JPG,5
4.0_Variable_Spanklem_Kort/P1090427.JPG,5
4.0_Variable_Spanklem_Kort/P1090428.JPG,5
4.0_Variable_Spanklem_Kort/P1090429.JPG,5
4.0_Variable_Spanklem_Kort/P1090430.JPG,5
4.0_Variable_Spanklem_Kort/P1090432.JPG,5
4.0_Variable_Spanklem_Kort/P1090433.JPG,5
4.0_Variable_Spanklem_Kort/P1090435.JPG,5
4.0_Variable_Spanklem_Kort/P1090436.JPG,5
4.0_Variable_Spanklem_Kort/P1090437.JPG,5
4.0_Variable_Spanklem_Kort/P1090438.JPG,5
4.0_Variable_Spanklem_Kort/P1090441.JPG,5
4.0_Variable_Spanklem_Kort/P1090442.JPG,5
4.0_Variable_Spanklem_Kort/P1090443.JPG,5
4.0_Variable_Spanklem_Kort/P1090444.JPG,5
4.0_Variable_Spanklem_Kort/P1090445.JPG,5
4.0_Variable_Spanklem_Kort/P1090446.JPG,5
4.0_Variable_Spanklem_Kort/P1090447.JPG,5
4.0_Variable_Spanklem_Kort/P1090448.JPG,5
4.0_Variable_Spanklem_Kort/P1090449.JPG,5
4.0_Variable_Spanklem_Kort/P1090450.JPG,5
4.0_Variable_Spanklem_Kort/P1090451.JPG,5
4.0_Variable_Spanklem_Kort/P1090452.JPG,5
4.0_Variable_Spanklem_Kort/P1090453.JPG,5
4.0_Variable_Spanklem_Kort/P1090454.JPG,5
4.0_Variable_Spanklem_Kort/P1090455.JPG,5
4.0_Variable_Spanklem_Kort/P1090456.JPG,5
4.0_Variable_Spanklem_Kort/P1090457.JPG,5
4.0_Variable_Spanklem_Kort/P1090458.JPG,5
4.0_Variable_Spanklem_Kort/P1090459.JPG,5
4.0_Variable_Spanklem_Kort/P1090460.JPG,5
4.0_Variable_Spanklem_Kort/P1090461.JPG,5
4.0_Variable_Spanklem_Kort/P1090462.JPG,5
4.0_Variable_Spanklem_Kort/P1090463.JPG,5
4.0_Variable_Spanklem_Kort/P1090464.JPG,5
4.0_Variable_Spanklem_Kort/P1090466.JPG,5
4.0_Variable_Spanklem_Kort/P1090468.JPG,5
4.0_Variable_Spanklem_Kort/P1090470.JPG,5
4.0_Variable_Spanklem_Kort/P1090471.JPG,5
4.0_Variable_Spanklem_Kort/P1090472.JPG,5
4.0_Variable_Spanklem_Kort/P1090474.JPG,5
4.0_Variable_Spanklem_Kort/P1090476.JPG,5
4.0_Variable_Spanklem_Kort/P1090477.JPG,5
4.0_Variable_Spanklem_Kort/P1090479.JPG,5
4.0_Variable_Spanklem_Kort/P1090480.JPG,5
4.0_Variable_Spanklem_Kort/P1090481.JPG,5
4.0_Variable_Spanklem_Kort/P1090482.JPG,5
4.0_Variable_Spanklem_Kort/P1090483.JPG,5
4.0_Variable_Spanklem_Kort/P1090484.JPG,5
4.0_Variable_Spanklem_Kort/P1090485.JPG,5
4.0_Variable_Spanklem_Kort/P1090486.JPG,5
4.0_Variable_Spanklem_Kort/P1090488.JPG,5
4.0_Variable_Spanklem_Kort/P1090489.JPG,5
4.0_Variable_Spanklem_Kort/P1090490.JPG,5
4.0_Variable_Spanklem_Kort/P1090492.JPG,5
4.0_Variable_Spanklem_Kort/P1090493.JPG,5
4.0_Variable_Spanklem_Kort/P1090494.JPG,5
4.0_Variable_Spanklem_Kort/P1090495.JPG,5
4.0_Variable_Spanklem_Kort/P1090496.JPG,5
4.0_Variable_Spanklem_Kort/P1090497.JPG,5
4.0_Variable_Spanklem_Kort/P1090498.JPG,5
4.0_Variable_Spanklem_Kort/P1090499.JPG,5
4.0_Variable_Spanklem_Kort/P1090500.JPG,5
4.0_Variable_Spanklem_Kort/P1090501.JPG,5
4.0_Variable_Spanklem_Kort/P1090503.JPG,5
4.0_Variable_Spanklem_Kort/P1090504.JPG,5
4.0_Variable_Spanklem_Kort/P1090506.JPG,5
4.0_Variable_Spanklem_Kort/P1090507.JPG,5
4.0_Variable_Spanklem_Kort/P1090509.JPG,5
4.0_Variable_Spanklem_Kort/P1090510.JPG,5
4.0_Variable_Spanklem_Kort/P1090511.JPG,5
4.0_Variable_Spanklem_Kort/P1090512.JPG,5
4.0_Variable_Spanklem_Kort/P1090513.JPG,5
4.0_Variable_Spanklem_Kort/P1090514.JPG,5
4.0_Variable_Spanklem_Kort/P1090515.JPG,5
4.0_Variable_Spanklem_Kort/P1090516.JPG,5
4.0_Variable_Spanklem_Kort/P1090519.JPG,5
4.0_Variable_Spanklem_Kort/P1090520.JPG,5
4.0_Variable_Spanklem_Kort/P1090521.JPG,5
4.0_Variable_Spanklem_Kort/P1090522.JPG,5
4.0_Variable_Spanklem_Kort/P1090524.JPG,5
4.0_Variable_Spanklem_Kort/P1090525.JPG,5
4.0_Variable_Spanklem_Kort/P1090526.JPG,5
4.0_Variable_Spanklem_Kort/P1090527.JPG,5
4.0_Variable_Spanklem_Kort/P1090528.JPG,5
4.0_Variable_Spanklem_Kort/P1090530.JPG,5
4.0_Variable_Spanklem_Kort/P1090531.JPG,5
4.0_Variable_Spanklem_Kort/P1090532.JPG,5
4.0_Variable_Spanklem_Kort/P1090533.JPG,5
4.0_Variable_Spanklem_Kort/P1090534.JPG,5
4.0_Variable_Spanklem_Kort/P1090535.JPG,5
4.0_Variable_Spanklem_Kort/P1090536.JPG,5
4.0_Variable_Spanklem_Kort/P1090537.JPG,5
4.0_Variable_Spanklem_Kort/P1090538.JPG,5
4.0_Variable_Spanklem_Kort/P1090539.JPG,5
4.0_Variable_Spanklem_Kort/P1090544.JPG,5
4.0_Variable_Spanklem_Kort/P1090545.JPG,5
4.0_Variable_Spanklem_Kort/P1090546.JPG,5
4.0_Variable_Spanklem_Kort/P1090547.JPG,5
4.0_Variable_Spanklem_Kort/P1090548.JPG,5
4.0_Variable_Spanklem_Kort/P1090549.JPG,5
4.0_Variable_Spanklem_Kort/P1090550.JPG,5
4.0_Variable_Spanklem_Kort/P1090551.JPG,5
4.0_Variable_Spanklem_Kort/P1090552.JPG,5
4.0_Variable_Spanklem_Kort/P1090553.JPG,5
4.0_Variable_Spanklem_Kort/P1090554.JPG,5
4.0_Variable_Spanklem_Kort/P1090555.JPG,5
4.0_Variable_Spanklem_Kort/P1090556.JPG,5
4.0_Variable_Spanklem_Kort/P1090557.JPG,5
4.0_Variable_Spanklem_Kort/P1090558.JPG,5
4.0_Variable_Spanklem_Kort/P1090559.JPG,5
4.0_Variable_Spanklem_Kort/P1090563.JPG,5
4.0_Variable_Spanklem_Kort/P1090564.JPG,5
4.0_Variable_Spanklem_Kort/P1090565.JPG,5
4.0_Variable_Spanklem_Kort/P1090567.JPG,5
4.0_Variable_Spanklem_Kort/P1090568.JPG,5
4.0_Variable_Spanklem_Kort/P1090569.JPG,5
4.0_Variable_Spanklem_Kort/P1090570.JPG,5
4.0_Variable_Spanklem_Kort/P1090572.JPG,5
4.0_Variable_Spanklem_Kort/P1090573.JPG,5
4.0_Variable_Spanklem_Kort/P1090574.JPG,5
4.0_Variable_Spanklem_Kort/P1090575.JPG,5
4.0_Variable_Spanklem_Kort/P1090576.JPG,5
4.0_Variable_Spanklem_Kort/P1090577.JPG,5
4.0_Variable_Spanklem_Kort/P1090578.JPG,5
4.0_Variable_Spanklem_Kort/P1090580.JPG,5
4.0_Variable_Spanklem_Kort/P1090582.JPG,5
4.0_Variable_Spanklem_Kort/P1090583.JPG,5
4.0_Variable_Spanklem_Kort/P1090584.JPG,5
4.0_Variable_Spanklem_Kort/P1090585.JPG,5
4.0_Variable_Spanklem_Kort/P1090586.JPG,5
4.0_Variable_Spanklem_Kort/P1090587.JPG,5
4.0_Variable_Spanklem_Kort/P1090589.JPG,5
4.0_Variable_Spanklem_Kort/P1090590.JPG,5
4.0_Variable_Spanklem_Kort/P1090592.JPG,5
4.0_Variable_Spanklem_Kort/P1090594.JPG,5
4.0_Variable_Spanklem_Kort/P1090595.JPG,5
4.0_Variable_Spanklem_Kort/P1090596.JPG,5
4.0_Variable_Spanklem_Kort/P1090598.JPG,5
4.0_Variable_Spanklem_Kort/P1090599.JPG,5
4.0_Variable_Spanklem_Kort/P1090600.JPG,5
4.0_Variable_Spanklem_Kort/P1090601.JPG,5
4.0_Variable_Spanklem_Kort/P1090603.JPG,5
4.0_Variable_Spanklem_Kort/P1090604.JPG,5
4.0_Variable_Spanklem_Kort/P1090605.JPG,5
4.0_Variable_Spanklem_Kort/P1090606.JPG,5
4.0_Variable_Spanklem_Kort/P1090608.JPG,5
4.0_Variable_Spanklem_Kort/P1090609.JPG,5
4.0_Variable_Spanklem_Kort/P1090610.JPG,5
4.0_Variable_Spanklem_Kort/P1090611.JPG,5
4.0_Variable_Spanklem_Kort/P1090612.JPG,5
4.0_Variable_Spanklem_Kort/P1090613.JPG,5
4.0_Variable_Spanklem_Kort/P1090614.JPG,5
4.0_Variable_Spanklem_Kort/P1090615.JPG,5
4.0_Variable_Spanklem_Kort/P1090616.JPG,5
4.0_Variable_Spanklem_Kort/P1090617.JPG,5
4.0_Variable_Spanklem_Kort/P1090618.JPG,5
4.0_Variable_Spanklem_Kort/P1090619.JPG,5
4.0_Variable_Spanklem_Kort/P1090621.JPG,5
4.0_Variable_Spanklem_Kort/P1090622.JPG,5
4.0_Variable_Spanklem_Kort/P1090623.JPG,5
4.0_Variable_Spanklem_Kort/P1090624.JPG,5
4.0_Variable_Spanklem_Kort/P1090625.JPG,5
4.0_Variable_Spanklem_Kort/P1090626.JPG,5
4.0_Variable_Spanklem_Kort/P1090628.JPG,5
4.0_Variable_Spanklem_Kort/P1090629.JPG,5
4.0_Variable_Spanklem_Kort/P1090631.JPG,5
4.0_Variable_Spanklem_Kort/P1090633.JPG,5
4.0_Variable_Spanklem_Kort/P1090634.JPG,5
4.0_Variable_Spanklem_Kort/P1090635.JPG,5
4.0_Variable_Spanklem_Kort/P1090636.JPG,5
4.0_Variable_Spanklem_Kort/P1090637.JPG,5
4.0_Variable_Spanklem_Kort/P1090638.JPG,5
4.0_Variable_Spanklem_Kort/P1090641.JPG,5
4.0_Variable_Spanklem_Kort/P1090642.JPG,5
4.0_Variable_Spanklem_Kort/P1090643.JPG,5
4.0_Variable_Spanklem_Kort/P1090644.JPG,5
4.0_Variable_Spanklem_Kort/P1090645.JPG,5
4.0_Variable_Spanklem_Kort/P1090646.JPG,5
4.0_Variable_Spanklem_Kort/P1090647.JPG,5
